Game,0
730,236958
359550,185368
105600,170713
271590,126741
252490,124213
4000,114271
252950,82183
413150,71766
381210,58099
346110,57696
292030,56252
431960,53748
578080,44307
632360,43966
550,43851
960090,43816
242760,37122
620,34307
548430,33191
264710,32676
582010,32455
648800,30792
218620,30697
22380,30548
275850,29260
377160,27895
374320,27616
489830,27429
427520,27351
322170,26809
367520,26432
227300,26241
289070,25386
508440,24933
251570,24775
284160,24761
394360,24685
294100,24682
107410,24023
391540,23783
379720,23600
435150,23292
424370,22300
362890,21863
250900,21626
221100,21038
594570,20669
393380,20508
387990,19636
306130,18808
322330,18601
620980,18494
812140,17864
552520,17657
270880,17576
281990,17257
594650,17107
239140,16889
49520,16881
674940,16091
646570,15623
581320,15370
311210,15215
433340,14825
814380,14611
359320,14483
220200,14404
400,14135
220,14016
518790,13807
244850,13246
848450,12695
613100,12374
636480,11949
361420,11848
262060,11733
376210,11645
72850,11423
39210,11405
555160,11366
8930,10955
883710,10884
457140,10855
70,10769
629730,10728
552500,10573
524220,10380
286160,10293
233860,9962
268500,9889
236850,9759
787860,9704
268910,9696
387290,9690
211820,9597
638970,9536
48700,9499
304390,9436
582660,9373
379430,9098
504230,9037
470220,8852
477160,8845
383980,8756
573090,8746
431240,8721
311690,8684
824270,8598
225540,8595
334230,8594
10090,8411
219990,8311
240720,8295
323190,8178
17390,8106
648350,8033
645630,7999
588650,7936
440900,7889
22330,7546
3590,7508
356190,7421
240,7343
203160,7223
582160,7218
32470,7187
418460,7158
253230,7036
815370,7030
232090,6988
570940,6946
621060,6910
962730,6898
513710,6892
287700,6891
646910,6843
493340,6822
389730,6822
204360,6768
678950,6765
391220,6713
221380,6704
750920,6654
8870,6563
319630,6536
233450,6533
683320,6453
244210,6445
383870,6442
6060,6423
335300,6282
231430,6238
20900,6232
823130,6221
12120,6176
214950,6138
246620,6042
635260,5999
212680,5986
413410,5984
214490,5928
601150,5901
305620,5893
460950,5883
552100,5829
205100,5790
10,5742
409710,5694
242050,5690
208650,5688
220240,5654
223470,5610
239030,5564
863550,5443
604240,5415
880940,5332
307690,5248
589290,5140
424840,5038
466560,5007
32370,4956
516750,4955
460930,4936
690790,4914
339800,4838
413420,4817
326460,4759
450540,4748
418370,4739
438740,4728
414340,4716
447040,4695
640820,4656
108600,4636
346010,4596
228380,4592
939960,4542
47890,4506
219150,4493
20920,4487
383120,4464
32440,4449
967050,4423
208580,4325
633230,4264
736220,4187
794260,4118
286690,4111
704270,4105
528230,4092
319510,4082
637650,4081
637090,4068
244450,4018
751780,4003
234140,3973
480490,3970
349040,3949
420290,3929
653530,3884
314160,3882
289650,3858
834910,3818
4700,3793
519860,3787
420530,3754
298110,3752
569480,3746
285900,3720
285920,3656
242920,3588
22370,3581
644930,3575
858810,3542
238320,3524
310950,3517
105450,3502
222880,3469
266840,3455
22320,3439
337000,3395
230290,3389
1046030,3371
666140,3365
567640,3359
403640,3350
535930,3344
213670,3341
282140,3324
612880,3323
500,3313
55230,3311
203770,3281
599140,3273
532210,3270
35140,3270
367500,3263
322500,3254
312660,3248
17410,3216
420,3187
274170,3178
502500,3173
774861,3162
805550,3158
287390,3152
200260,3142
605740,3114
690040,3110
531510,3098
238460,3079
201810,3073
454650,3063
657200,3046
269950,3035
39140,3009
365360,3007
265930,3004
728880,2989
221910,2987
337320,2944
2280,2923
427730,2916
641990,2880
386940,2878
304430,2878
505460,2853
204100,2852
675010,2842
527230,2808
71340,2799
47810,2791
585420,2767
239820,2748
736260,2748
562810,2737
206420,2708
492720,2684
571740,2681
743450,2669
261640,2661
213610,2661
380,2654
673880,2652
42700,2646
488790,2638
460920,2614
371660,2614
517630,2581
238010,2576
33230,2560
200510,2535
464920,2534
17470,2527
554620,2495
221680,2494
690830,2492
235460,2484
274190,2483
418240,2474
584400,2463
394690,2455
50,2449
242860,2431
424030,2429
245170,2411
268650,2410
325610,2410
447530,2409
409720,2407
445220,2385
10180,2380
312530,2377
209000,2366
481510,2342
496240,2336
501300,2328
282070,2316
392160,2307
293760,2290
392110,2290
644560,2286
816020,2268
365590,2255
288160,2247
42960,2246
433850,2237
362490,2236
362930,2231
527430,2228
590380,2220
485510,2215
704850,2209
12110,2209
302510,2208
10500,2204
434570,2192
560130,2181
427290,2178
622650,2175
21690,2159
200710,2157
110800,2140
834530,2101
603850,2094
4760,2087
4500,2082
397950,2077
429050,2059
378860,2058
360430,2043
787480,2038
17460,2025
24010,1993
6000,1984
335670,1970
373420,1967
509980,1953
364360,1950
34030,1939
291650,1937
108710,1934
382310,1902
302670,1899
858210,1895
367450,1894
8190,1894
6910,1894
512900,1878
368500,1875
681280,1874
332570,1870
914620,1867
418030,1865
228280,1860
597220,1856
598980,1852
729040,1849
333600,1835
463530,1820
38400,1817
359870,1807
130,1789
9450,1782
428690,1774
221040,1768
304240,1751
742120,1747
274520,1737
414700,1731
47780,1729
246900,1727
451340,1720
19900,1715
425580,1711
597170,1690
667970,1686
306020,1685
332800,1684
476600,1679
738520,1675
578620,1674
24960,1672
113200,1665
242680,1660
206440,1650
280,1636
333640,1634
50130,1627
203140,1624
57300,1624
274940,1623
269210,1622
237930,1621
816090,1605
50300,1600
6020,1593
475150,1589
386070,1583
243470,1582
107100,1579
814540,1568
320240,1565
712100,1564
16900,1560
287450,1557
24980,1555
288470,1550
15100,1549
410900,1544
2600,1543
38410,1538
445980,1528
732430,1507
282800,1506
307780,1506
368340,1504
250320,1504
460790,1495
611670,1494
440,1493
402710,1487
434170,1478
263280,1477
250760,1470
274500,1467
207140,1465
456750,1463
784150,1460
611790,1453
40970,1451
7940,1451
616560,1444
617830,1439
399810,1435
210970,1432
247080,1421
701160,1411
297000,1409
251060,1402
704450,1402
813630,1386
847370,1383
541570,1382
594330,1381
41700,1378
506610,1375
573100,1373
307960,1373
423230,1370
233270,1369
760060,1369
677120,1363
350080,1353
609320,1343
228200,1340
311560,1338
303210,1337
719890,1335
202970,1329
48000,1328
474960,1326
348550,1325
299740,1319
503560,1316
606150,1315
421020,1313
298630,1306
55150,1304
366090,1300
383150,1299
731490,1293
973760,1288
324800,1287
673610,1279
673950,1279
321360,1276
489630,1275
341800,1272
48190,1271
219640,1267
397340,1263
626690,1259
292120,1256
375480,1254
311310,1249
447820,1247
244160,1244
10680,1243
499520,1239
537800,1232
2300,1229
310560,1222
253430,1222
12100,1221
843380,1221
951440,1216
236690,1216
699170,1214
447020,1211
521890,1203
17300,1201
352720,1199
12140,1194
313120,1189
248820,1187
102500,1177
800270,1172
341940,1171
385800,1170
688130,1168
283640,1166
204880,1165
80,1160
715560,1152
601430,1150
22300,1150
589360,1149
627270,1149
289130,1147
384190,1146
410340,1144
239160,1144
544750,1144
333950,1143
851100,1142
702670,1141
342180,1141
453090,1133
470310,1132
502520,1131
362620,1128
415200,1123
253250,1122
595520,1121
673130,1119
977950,1114
9420,1106
589590,1101
268130,1101
300,1096
613830,1093
285310,1092
877200,1092
285190,1091
32510,1089
790740,1087
377840,1086
568220,1084
493490,1082
2310,1078
773951,1072
361280,1067
312520,1061
518150,1057
362680,1053
530070,1050
368070,1049
429660,1044
553310,1041
718670,1039
65800,1032
1250,1031
562860,1026
459220,1026
251150,1025
853770,1022
328080,1022
17480,1022
396750,1019
219890,1017
598060,1017
35450,1017
493900,1009
268050,1008
4580,1007
250520,1006
4570,1005
520440,1001
665360,999
614570,998
12200,996
290340,994
21090,988
535230,988
718560,983
47870,983
403190,983
362960,982
235600,981
351920,971
397740,965
252610,964
764790,961
601050,960
893180,960
225080,960
461430,959
501590,948
572890,947
394510,946
3480,939
350640,938
221640,938
619150,938
40100,937
6860,937
688420,934
498240,934
365960,928
24780,925
108200,924
555950,919
280160,916
65980,915
236430,913
674020,903
287290,898
412830,894
477740,893
32430,888
462770,882
868360,882
300380,879
464060,876
606280,876
218680,875
274920,872
552620,872
588030,871
24720,867
237990,862
633460,860
494150,859
298050,855
503940,852
340,849
365450,848
201870,846
3920,845
205950,845
24790,844
557600,840
428660,834
249130,833
3910,832
753420,829
327030,828
422970,828
544550,828
208200,827
606800,827
574980,827
473690,825
17430,825
388880,825
440650,821
893680,818
840800,815
238090,813
249050,810
587620,808
287980,808
311340,804
409590,803
281610,803
363890,802
9480,799
994280,799
388090,797
559650,793
878750,792
592260,790
448280,787
675260,783
374040,781
388410,780
911400,777
41070,774
278360,770
232890,766
2630,764
411300,761
448510,760
406150,759
538680,757
848350,755
2100,755
3830,749
25000,742
360740,742
342560,739
323850,737
241600,734
523660,731
332310,730
591460,728
522470,727
20510,726
420110,725
13520,721
963710,720
462780,715
247000,715
12150,713
695290,710
20,710
541210,710
320,709
233720,709
21000,708
21130,705
435400,704
329430,701
546050,700
42910,697
426000,696
339340,695
617670,694
860950,694
270150,692
647830,692
432350,687
641780,687
337340,686
108800,685
654880,683
460810,681
221260,681
801630,680
491950,679
217200,678
496300,678
955900,676
844590,676
555150,674
265550,673
360940,672
250260,671
368370,670
206190,666
233290,666
469820,664
354140,664
583950,663
246840,661
226860,657
15620,656
942970,654
223100,653
40950,648
301640,648
265300,646
595690,646
234650,646
335620,645
4920,645
10150,642
758990,642
248860,642
593600,638
285330,638
393420,637
582550,637
220440,637
311290,635
815780,634
307110,631
294860,631
238210,629
446020,629
489940,627
8500,625
686200,625
611660,623
593280,621
252870,620
292730,620
434050,620
378540,619
13570,618
558990,615
529180,615
577940,614
596970,610
280220,606
2990,606
356500,605
201790,604
300550,604
304650,603
963930,602
677160,601
523780,601
980300,598
242640,597
248390,596
637100,596
863590,595
586140,595
329050,595
559210,595
488310,594
204340,594
40700,594
427190,592
840010,591
610180,591
263760,590
276810,589
282440,589
515180,588
287630,587
312670,586
264200,586
568090,583
327070,580
504370,579
579180,579
91700,578
35700,578
634160,577
204030,577
589780,576
438640,575
600480,575
48240,575
224480,572
39150,572
246420,571
245620,571
34870,570
544610,569
357190,569
227860,569
671510,568
966330,568
17450,568
723390,566
233610,564
78000,563
602520,563
232430,563
282900,562
631510,562
8800,561
393080,561
607050,560
899440,560
794800,558
226840,555
346940,553
712730,552
378610,550
236090,550
15120,548
790820,548
320300,547
40990,546
774461,545
230190,537
598330,534
564230,532
433530,531
644390,531
342940,529
231200,529
233130,529
405640,526
391720,524
581630,521
841370,516
394970,516
248610,516
225260,516
293780,515
115320,515
853550,514
466300,514
469600,513
846470,512
291860,511
410320,511
371970,510
33930,510
446800,510
620590,510
239200,508
868520,508
368360,507
70400,507
483980,506
383840,506
24810,505
691690,505
2320,504
35720,504
2620,502
829110,502
449960,502
512790,501
32500,500
224760,499
497180,499
992300,499
280680,498
611500,497
200900,496
245470,494
872790,491
403120,491
382900,491
396900,490
428550,490
3720,490
332200,488
32360,487
558420,486
656240,485
241260,485
468920,484
393520,483
682130,482
333420,481
672630,481
527100,480
774201,478
639790,477
530320,476
451020,473
330830,473
8000,473
535480,472
311260,472
555220,471
331870,469
57900,468
495140,468
368230,466
70300,463
45760,462
316790,462
658850,462
352400,460
269190,459
523650,459
748490,459
6030,458
24740,458
487120,458
599080,457
725480,455
298610,454
541300,452
587220,452
405710,451
252530,451
48720,451
237630,450
211600,450
228300,449
298030,449
238370,448
324080,446
754150,445
722060,444
926140,443
803600,442
323220,442
475550,441
28000,440
251290,438
344760,436
274900,436
606500,436
624270,434
447150,433
577690,432
238430,432
860890,431
550010,429
311240,428
896160,425
507010,424
838310,422
398850,421
304410,421
578330,421
321960,420
367580,420
213330,420
375910,419
667720,419
222480,419
372360,418
57690,418
647960,416
373390,415
1032430,415
389140,414
290300,414
759740,414
603960,411
321800,410
252330,409
243970,409
514900,409
683900,409
24240,408
530890,407
397460,407
817130,407
641960,407
24840,407
239120,407
356400,406
384300,404
368620,403
809140,403
829590,402
306760,402
292140,402
564530,401
319910,401
312750,401
671440,401
495890,400
569860,399
920690,399
34900,399
963000,398
400940,398
418340,397
443810,397
456670,397
574560,395
559100,395
235800,394
39190,393
334940,393
234270,392
7000,391
224960,391
720250,389
45740,389
591370,389
356570,389
4720,388
218640,387
496460,387
876650,386
1520,386
702890,386
16450,386
322110,385
736190,382
42670,382
870200,382
232910,381
383180,381
265890,381
41000,381
600990,380
329130,379
278080,379
315660,378
405310,378
987020,378
322780,377
738540,377
598810,377
21100,377
8140,377
301910,374
400910,374
338170,373
250340,373
329440,372
423580,371
310080,371
641080,371
480650,371
405900,369
865540,369
834740,368
336140,368
41500,367
355790,366
384110,365
458710,365
519190,364
104900,363
437920,360
359050,360
234670,359
67370,358
13560,358
808910,357
354240,357
343860,356
659540,356
607890,355
269770,355
214340,355
60,354
3900,354
313340,353
684410,353
376870,352
471550,352
234630,351
268750,351
661790,351
587430,351
571310,350
251110,350
525480,350
623940,350
373930,349
230270,347
809020,347
15210,347
26800,346
730820,346
513510,345
320040,345
65540,345
611160,344
508900,343
504210,343
94400,343
816340,342
352520,342
406290,342
406350,340
615120,339
2200,339
417290,338
441870,337
737800,336
39510,336
241560,336
486310,335
209100,334
13600,334
6880,334
758370,333
71230,333
884260,332
242700,332
1004240,331
804490,329
313690,329
742300,329
394310,327
252110,326
222940,325
582270,324
356040,323
543460,323
896890,323
360,323
404680,322
356650,322
18500,322
30,321
595280,321
757480,321
235540,321
473770,321
202750,319
40300,318
7760,318
517710,318
290080,317
406550,317
345260,316
518060,316
606230,316
223830,316
70000,316
39500,316
474750,315
225160,315
758870,315
7600,313
252690,312
222440,312
204300,311
511470,311
366240,311
363440,311
518030,311
250620,311
363930,309
420000,309
351970,308
611760,307
296490,307
2270,307
3330,307
507490,307
401680,307
405820,307
47790,306
47700,305
501080,305
583470,305
427100,305
331600,303
743640,303
281640,302
629910,302
227000,302
469610,301
207490,301
512250,301
831980,301
200170,300
485460,300
838380,300
275100,299
359390,299
616110,298
598700,298
632300,296
230070,296
12130,296
251730,296
698640,295
15320,295
435530,295
897030,294
490920,294
825630,294
370910,294
11450,293
520720,292
572410,291
25890,291
271240,290
32330,290
484900,290
363680,289
48110,289
436670,289
970570,287
743890,287
17440,287
532110,287
585410,286
24800,286
251990,286
377680,285
434030,285
215530,285
331670,284
2210,284
420930,283
411370,283
493200,283
207170,283
400630,283
323320,283
324160,283
268400,282
775940,282
368390,282
420440,281
534550,281
445190,280
22180,280
345350,280
389510,279
70600,279
323470,278
893030,278
691450,277
680360,276
234080,276
244430,276
517790,275
1008710,275
266010,275
824720,275
55140,274
622220,274
32400,273
322190,273
886900,273
286000,271
22600,271
555440,271
34190,270
959520,270
265210,270
411960,269
638650,269
215280,269
475190,269
360830,268
830820,268
17330,267
540840,267
220780,267
312840,266
34830,266
526160,266
546430,266
219780,265
382890,265
421120,265
433950,264
584980,264
297130,264
351510,264
410980,264
19980,264
253110,263
508550,263
410710,263
236450,263
418650,262
236370,262
6850,261
209650,261
566050,261
45750,260
962400,259
212630,259
382110,258
320430,258
1004270,257
457210,257
311770,256
668210,256
936720,256
35000,256
98800,256
996380,256
502800,255
295790,255
435120,253
307880,253
812040,253
13500,253
6900,252
665300,252
22000,252
785740,252
313160,251
667600,251
431180,251
326480,251
935880,251
452060,250
231160,250
211740,250
487000,250
386620,250
440540,249
855860,249
245280,249
388210,249
554310,249
646270,248
566860,248
617480,247
324510,247
544390,247
538100,246
595140,246
102600,246
587450,246
4560,246
22100,246
521150,246
833360,245
327890,245
397350,245
210770,244
373770,244
8170,243
543870,243
6920,242
6980,242
337150,242
405290,242
234190,241
408410,241
307670,241
310060,240
465490,240
733790,240
615610,240
833040,240
63610,239
553640,239
552700,238
221540,238
774541,238
369530,237
583010,237
40980,237
233150,236
247020,236
3730,236
494430,236
620190,236
269790,235
843260,235
573410,235
209160,234
448850,234
537110,234
1029630,233
602320,233
35130,233
416600,232
726360,232
15170,232
774351,231
520940,231
6800,231
642090,231
568570,231
442070,231
527450,230
9350,230
223810,229
927890,229
722180,229
758330,229
716490,229
45770,229
899970,228
15370,228
227600,228
736850,228
8080,228
761600,227
327410,227
370360,227
952040,227
39200,227
963690,227
203750,227
235380,226
585900,226
15130,226
616250,226
324680,226
755500,225
375530,225
585450,225
314660,225
366220,225
361300,225
250400,224
464340,224
510420,223
24870,223
636970,222
451760,222
503580,222
364420,222
914260,221
674520,221
292910,221
505170,220
304530,220
654990,220
363360,219
38420,219
3540,219
367270,218
366320,218
296710,218
232790,217
227780,217
588210,217
25830,217
461950,217
414870,216
208750,216
7110,216
515220,216
375820,216
209080,216
427880,215
65930,215
533300,215
334540,215
485980,215
24670,215
957790,215
499440,215
277430,215
761620,215
47800,214
391730,214
329070,214
303310,214
805940,214
442120,214
204120,214
576770,213
434650,213
266410,213
301860,213
266510,212
214170,212
251270,212
6220,212
765870,212
803980,212
220700,212
802890,211
571880,211
320140,210
442780,210
427820,210
405830,210
374900,210
567380,209
454350,209
353560,209
543900,209
700030,208
688060,208
301320,208
947300,208
437630,208
296300,207
580200,207
222730,207
751440,207
657240,207
225300,206
64000,206
315460,206
251470,206
304930,206
9310,205
684580,205
552590,205
455980,205
402180,204
21980,204
207690,204
247430,204
650000,203
7200,203
283160,203
232010,203
758190,202
422900,202
208140,202
792710,202
726830,202
586200,202
953580,202
954870,202
19830,202
246580,202
551770,201
940680,201
272510,200
485380,200
885810,200
559330,200
994220,200
449540,200
613880,199
495280,199
95400,199
282560,199
115800,199
585710,198
577800,198
247730,198
711660,198
384490,198
7620,198
271900,197
637670,197
205650,197
46500,196
612470,196
237870,196
790850,196
520010,196
365160,196
792100,195
252470,195
252410,195
668630,195
696170,195
369990,194
237850,194
552080,194
44350,194
744190,194
793350,193
844930,193
32380,192
395170,192
40,191
633060,191
841770,191
22120,191
754530,190
748360,190
455120,190
272270,189
449800,189
2640,189
770100,189
723090,188
939520,188
350070,188
635320,188
327860,188
618740,188
696370,188
269650,187
379210,187
396710,187
753930,187
292410,187
502820,187
208500,186
430210,186
671620,186
57640,186
644290,185
502280,185
353640,185
831560,184
207350,184
949290,184
247660,184
372000,184
201510,184
419480,184
664830,184
310360,183
96000,183
464350,183
433100,183
353540,183
250680,182
331480,182
438270,182
500810,181
351700,181
333300,181
799070,181
237740,181
20530,180
673750,180
313780,180
329970,180
32460,180
677340,180
345820,180
822930,180
429720,180
773670,179
441550,179
410890,179
330390,179
509580,178
289950,178
296470,178
400170,178
332500,178
15390,178
460120,177
225640,177
565120,177
900010,177
485610,177
889510,177
501790,177
722730,176
542050,176
211400,176
267530,176
673210,176
368860,176
16810,175
228360,175
825310,175
15700,175
743390,175
718590,174
224460,174
601530,174
455820,174
888790,174
63660,173
762650,173
396650,173
314980,173
575640,173
367670,173
249870,173
426790,173
10220,172
621070,172
268870,172
397430,172
471660,172
609490,172
55100,172
588190,171
376680,170
2290,170
275390,170
1020470,170
3020,169
402330,169
71260,169
732240,169
621830,168
648100,168
503620,168
718650,168
239250,168
33320,168
927270,168
416680,167
307640,167
730310,167
385380,167
573320,167
523210,167
632350,167
13530,166
760620,166
254200,166
562500,166
395200,165
622720,165
629840,165
743130,165
855640,165
433910,165
15300,165
944220,164
115100,164
998930,164
219950,163
233740,163
746930,163
537340,163
39540,163
360170,163
307580,162
821890,162
453340,162
951000,162
502370,162
224920,162
204530,162
318600,162
932850,161
436320,161
407330,161
761890,161
3620,161
460430,161
340150,161
407810,161
465200,161
390560,160
209670,160
235900,160
510500,160
386880,160
39680,159
15750,159
581270,159
587260,159
248310,159
250180,159
266310,159
738530,158
61700,158
948630,158
7610,158
840720,158
528550,158
230820,158
215470,158
326410,157
383270,157
374030,156
316720,156
421040,156
15190,155
211780,155
939400,155
605230,155
245390,154
434460,154
574090,154
265610,154
488550,154
863570,154
487700,154
113020,154
31270,154
33460,154
366870,153
401190,153
433170,153
411830,153
577670,153
3700,153
277590,153
493840,153
15710,152
318020,152
421050,152
378720,152
381780,152
434260,152
7520,152
252450,152
915460,152
600370,151
491530,151
47920,151
568320,151
347600,151
445310,150
852110,150
65790,150
345240,150
244770,150
971680,150
511740,149
430960,149
694500,149
589530,149
772430,148
447290,148
238750,148
249230,148
846800,148
222750,148
230050,148
588950,148
296970,148
422910,147
207320,147
2610,147
518920,147
834280,147
538070,147
94300,147
503400,146
1930,146
555880,146
7830,146
851890,146
242880,145
418620,145
19000,145
439190,145
92800,145
245450,145
285740,145
270450,145
673000,144
303610,144
73170,144
324570,144
300570,144
2390,144
537450,144
598960,143
844660,143
13580,143
455910,143
357310,143
422810,143
251130,143
339230,142
633360,142
263300,142
580040,142
219830,142
355050,141
270210,141
272600,141
308420,141
292500,141
1020340,141
525510,141
333980,140
22310,140
952860,140
552990,140
351290,140
452570,140
6310,139
838350,139
472870,139
345180,139
15200,139
580720,139
628770,138
438490,138
200010,138
955060,138
225320,138
214730,137
865090,137
552920,137
639780,137
358130,137
243120,136
310510,136
382140,136
6830,135
248170,135
15080,135
20570,135
477770,135
644570,134
312200,134
696480,134
578720,134
351710,134
48800,133
1510,133
318970,133
603530,133
562220,133
747340,133
489360,133
514920,133
225020,133
240760,133
609150,132
571260,132
353270,132
798810,132
733990,132
327400,132
617160,132
335000,131
218410,131
32450,131
761460,131
404590,131
525620,131
663380,131
203650,131
280180,131
327220,130
269670,130
842910,130
504050,130
357330,130
726590,130
211500,130
658570,130
394760,130
864060,130
905370,129
882140,129
270110,129
645790,129
253750,129
219910,129
560430,129
253900,128
239070,128
889480,128
529520,128
327090,127
40390,127
13250,127
246090,127
6010,127
658620,127
375230,127
604330,127
284050,126
243200,126
354380,126
290790,126
818320,126
732810,126
208400,126
283960,126
665180,126
649640,126
235620,126
660160,126
376520,126
34010,126
743900,126
575550,126
55110,126
306660,126
695920,126
312780,125
441830,125
495050,125
351990,125
317820,125
290770,125
228260,125
285110,125
339580,125
275200,124
732370,124
209120,124
601810,124
98400,124
286340,123
107200,123
352460,123
232770,123
13540,123
381120,123
434730,123
47400,123
331160,122
399120,122
338390,122
323580,122
697550,122
2400,122
514500,121
406970,121
470260,121
543260,121
6120,121
554510,120
858760,120
378360,120
274230,120
544330,120
529590,120
49600,120
987230,120
728540,120
646500,120
4850,120
682530,120
748370,120
1700,120
288120,119
431600,119
673260,119
399670,119
617700,119
6200,119
368430,119
221810,119
976010,119
357070,119
270550,119
853140,119
312980,119
676820,118
244030,118
329860,118
3980,118
291550,118
618140,118
242820,118
572430,118
624970,118
22230,118
719750,118
417880,118
798510,118
398710,118
722230,117
525680,117
541670,117
651660,117
239840,117
394230,117
464880,117
380150,117
33100,117
511680,117
871200,116
496620,116
301120,116
217140,116
369070,116
416590,116
274290,116
220160,115
253840,115
243950,115
412740,115
862580,115
605450,115
379980,115
501320,114
744060,114
6080,114
408520,114
525700,114
286040,114
490280,114
566160,114
284240,114
361550,113
236110,113
410110,113
220740,113
203830,113
366250,113
984560,113
226580,113
245490,113
879160,113
716640,113
25980,112
618720,112
399820,112
435300,112
416770,112
547860,112
552440,112
248330,112
341000,112
262280,112
573120,112
224980,112
321270,112
733070,111
527270,111
578210,111
361990,111
505630,111
313740,111
284390,111
268990,111
322520,111
432010,111
787070,111
263980,110
227580,110
927250,110
521350,110
665330,110
270910,110
6510,110
230700,110
232750,110
344850,110
20540,110
397060,110
342310,109
591420,109
293220,109
722960,109
402620,109
266210,109
285440,109
524850,109
709440,109
2820,109
619500,109
802870,109
387340,109
639170,109
587110,109
15740,109
270850,109
355980,108
506500,108
608800,108
303800,108
327560,108
544920,108
666330,108
517810,108
956450,108
323060,107
570,107
489600,107
461840,107
881690,107
747200,107
243930,107
331690,106
262830,106
282400,106
741510,106
726840,106
288140,106
636450,105
816490,105
681390,105
789760,105
532190,105
224300,104
412880,104
335070,104
585690,104
781480,104
503350,104
233470,104
854570,104
261530,104
879510,104
363600,104
551860,104
645090,104
457760,104
646200,104
297120,104
249650,104
404530,104
340050,103
686680,103
828900,103
25900,103
871930,103
286240,103
351100,103
310790,103
312540,103
357300,103
735280,103
535520,103
885150,103
920680,103
240440,102
244710,102
681660,102
736570,102
824070,102
676500,102
687260,102
476530,102
859680,102
235210,101
440880,101
252630,101
559680,101
282210,101
657690,101
510490,101
414740,101
666570,101
963450,101
301650,101
388800,100
439340,100
381020,100
58610,100
806950,100
214770,100
632000,100
556180,100
250110,100
21800,100
22200,100
255710,100
256290,100
258970,100
259550,100
650220,100
3710,99
318230,99
427250,99
107310,99
907470,99
515040,99
287020,99
296830,99
464360,99
438480,99
343440,98
769970,98
968790,98
764300,98
293520,98
221020,98
384630,98
363150,98
757300,98
314230,98
302080,98
303680,98
471010,98
266130,98
773580,98
325420,98
481110,98
402020,98
390520,97
283290,97
645730,97
578900,97
859340,97
39690,97
420060,97
233980,97
516110,97
882710,96
228760,96
229480,96
80330,96
698540,96
4770,96
224940,96
313630,96
586950,96
585840,96
427490,96
2870,96
253150,96
500260,96
415590,96
1016730,96
566540,96
658560,96
868980,96
336130,95
336150,95
214870,95
15270,95
368730,95
407560,95
346560,95
358090,95
447120,95
274350,95
606710,95
493720,95
612070,95
46510,95
629690,95
312610,95
636100,95
323720,95
846110,95
377530,95
269110,95
476650,94
612720,94
7660,94
355250,94
274270,94
364390,94
802880,94
403180,94
461620,94
577480,94
621220,94
339350,94
466500,94
353090,94
455400,94
11190,94
243800,94
793690,94
208520,94
222420,94
226720,93
643810,93
261760,93
704030,93
404040,93
269030,93
444090,93
610360,93
252030,93
298600,93
410670,92
330820,92
334120,92
654690,92
640590,92
910880,92
238240,92
492230,92
71240,92
403950,91
385760,91
611040,91
322210,91
214790,91
331750,91
512490,91
391040,91
283620,91
316430,91
63710,91
40720,91
696650,91
102840,91
819020,90
348200,90
466240,90
403430,90
404540,90
411970,90
216260,90
612390,90
301840,90
384960,89
711750,89
808080,89
234900,89
655790,89
413710,89
454250,89
650510,89
690810,89
559610,89
529660,89
284460,89
760890,89
386360,89
32390,88
714080,88
898650,88
345090,88
526490,88
588110,88
619780,88
284850,88
268540,88
297860,88
523000,88
327140,88
433280,88
597840,88
324310,88
692100,87
270630,87
213850,87
216890,87
437570,87
741670,87
692840,87
560170,87
837610,87
253030,87
411000,87
512180,87
359100,86
224500,86
6040,86
339190,86
788270,86
979600,86
205610,86
453690,86
204240,86
691320,86
493540,86
402530,86
316610,86
561600,86
303690,86
317250,86
720280,86
215160,86
882020,86
302610,85
80310,85
421740,85
748300,85
910630,85
3560,85
706560,85
635730,84
703320,84
583270,84
436500,84
262940,84
707010,84
448370,84
252350,84
6550,84
921590,84
465240,84
486720,84
779590,84
509250,84
284750,84
747360,84
1640,83
710470,83
699670,83
205910,83
589760,83
7650,83
284770,83
806140,83
674750,83
8400,83
730050,83
599750,83
386180,83
282530,83
489140,83
220860,83
312370,83
862570,83
318130,82
314410,82
55040,82
267490,82
597230,82
16730,82
1630,82
277890,82
400020,82
269050,81
706020,81
502940,81
214250,81
824190,81
635200,81
308060,81
236390,81
250050,81
296870,81
97330,81
231740,81
871420,81
587000,81
25800,81
558260,81
513290,81
394160,81
459820,81
699920,81
6300,81
371520,81
226100,81
785890,81
227100,81
223330,80
236150,80
340170,80
613190,80
767930,80
770240,80
311010,80
504130,80
703510,80
434000,80
798290,80
562230,80
545540,80
771350,80
664430,80
61500,80
388750,80
800600,80
676840,79
347720,79
562360,79
619880,79
16720,79
251770,79
717790,79
250500,79
632070,79
412450,79
375900,79
41900,79
313480,79
377860,79
503770,79
217920,78
851670,78
503300,78
583930,78
328070,78
408900,78
630720,78
21780,78
425210,78
588730,78
216910,78
574760,78
345390,78
322770,78
409870,77
386590,77
402130,77
691160,77
262120,77
91600,77
6870,77
946090,77
224820,77
896460,77
344740,76
351090,76
733340,76
370060,76
314020,76
844850,76
280520,76
251630,76
881320,76
746710,76
236930,76
275670,76
285500,76
395850,76
311800,75
303290,75
677480,75
345610,75
417750,75
418180,75
577230,75
418950,75
274310,75
322910,75
836450,75
348710,75
98300,75
214970,75
235320,75
549260,74
664750,74
21670,74
514310,74
547910,74
524580,74
33600,74
105000,74
2360,74
220260,74
371180,74
251430,74
428370,74
505640,74
655770,73
311730,73
517160,73
262260,73
654900,73
809890,73
780210,73
935580,73
94590,73
19800,73
253330,73
271760,73
440420,73
774811,73
589510,73
205990,73
11280,73
698260,73
620210,72
635940,72
905450,72
223750,72
658260,72
244910,72
776340,72
332950,72
11150,72
745880,72
96100,72
22350,72
873240,72
569800,71
705120,71
322450,71
220660,71
451520,71
383230,71
600090,71
463270,71
658550,71
211260,71
419460,71
786520,71
626610,71
666020,71
290510,71
464450,70
590690,70
313020,70
327740,70
359600,70
1300,70
230410,70
425220,70
277450,70
339790,70
370540,70
587100,70
263060,70
922400,70
294660,70
643960,70
314710,69
321290,69
334420,69
1031480,69
326670,69
225000,69
288060,69
679260,69
666820,69
9340,69
474210,69
477870,69
299030,69
305960,69
792990,69
241000,69
847360,69
366910,69
234390,69
396480,69
344240,69
809440,69
22450,69
346830,69
313500,69
246110,69
243780,68
46480,68
241910,68
727910,68
10270,68
107300,68
921780,68
300820,68
345430,68
346850,68
758500,68
544970,68
209230,68
247240,67
212010,67
630310,67
766370,67
496810,67
799510,67
279800,67
540610,67
428880,67
353330,67
348470,67
331500,67
714800,66
720030,66
407840,66
545980,66
280790,66
761030,66
11140,66
265990,66
554600,66
539720,66
469720,66
449550,66
682140,66
7010,66
346470,66
446560,66
462990,66
115120,66
930780,65
745960,65
525040,65
778390,65
3990,65
205190,65
202200,65
313010,65
330460,65
411330,65
817510,65
564050,65
61520,65
252250,65
302790,65
269470,65
409660,64
274980,64
689910,64
870290,64
919370,64
301970,64
20550,64
33120,64
337930,64
489520,64
450500,64
299950,64
262960,64
655290,64
275180,64
202710,63
657630,63
326160,63
97000,63
336240,63
6420,63
32420,63
227160,63
233550,63
262000,63
828070,63
704640,63
480640,63
508980,63
249590,63
486650,63
239430,63
39800,63
282010,63
22610,63
38740,63
219680,62
237890,62
538810,62
233840,62
735580,62
401710,62
361800,62
292930,62
289690,62
616720,62
619290,62
215930,62
486780,62
339200,62
557630,62
636150,62
233230,62
640990,62
810670,62
776490,62
209370,62
853500,62
393200,62
402040,62
225600,62
319170,62
724740,62
63940,61
398810,61
680980,61
819500,61
466110,61
328760,61
33570,61
446810,61
251170,61
388320,61
482450,61
99300,61
104200,61
245300,61
483420,61
218060,61
218090,61
427510,61
361670,61
495110,61
686260,61
394450,61
788690,60
411560,60
32670,60
329490,60
315840,60
390720,60
699180,60
92000,60
304950,60
603260,60
937580,60
346970,60
449210,60
717640,60
958480,60
222980,60
724300,59
314790,59
893520,59
351940,59
676430,59
354430,59
320320,59
682450,59
7860,59
573130,59
883100,59
226620,59
22130,59
359310,59
580170,59
431650,59
272470,59
754040,59
340000,59
45700,59
629220,59
223510,59
914690,59
236510,59
356430,59
340730,59
589200,58
458470,58
670350,58
783170,58
310470,58
567030,58
457730,58
424250,58
342380,58
233350,58
969700,58
416210,58
221180,58
909080,58
801290,58
464150,58
315430,58
263200,58
570460,58
655780,57
202310,57
341310,57
453750,57
203630,57
1200,57
374280,57
8600,57
220820,57
269310,57
57650,57
502770,57
536890,57
660920,57
269170,57
642560,57
490370,57
446390,57
556050,57
935270,57
356050,57
791330,56
774091,56
370020,56
796860,56
774511,56
2910,56
719590,56
982270,56
818210,56
2710,56
65780,56
343710,56
359220,56
244930,56
469920,56
547900,56
467660,56
921630,56
319140,56
265330,56
415740,56
11040,56
571530,56
448240,56
465780,56
614630,56
323380,56
437250,56
552450,56
263620,56
931500,56
314810,56
650670,55
292330,55
749250,55
585550,55
509220,55
466130,55
269330,55
502750,55
317040,55
497780,55
393190,55
582560,55
461700,55
553210,55
406870,55
623090,55
588690,55
544310,55
679750,55
299050,55
860910,55
342580,54
439490,54
384360,54
359230,54
851930,54
745740,54
604780,54
304730,54
482300,54
712840,54
32620,54
247950,54
512060,54
628070,54
445110,54
491040,54
312450,54
813700,54
296570,54
402880,54
649600,54
17100,54
286260,54
350910,54
569530,54
2590,53
661430,53
450860,53
280720,53
284710,53
658600,53
231330,53
410850,53
353700,53
426310,53
1035610,53
10130,53
800620,53
437160,53
516480,53
327670,53
262150,53
33610,53
42890,53
247140,53
300610,53
454060,53
581360,53
639130,53
764920,53
485030,53
253980,52
32680,52
458730,52
290890,52
696530,52
531930,52
217790,52
324520,52
620220,52
39670,52
231140,52
271500,52
214700,52
263720,52
420520,52
675170,52
650940,52
347830,52
283980,52
63910,52
444590,52
638200,52
506730,52
275530,52
375440,52
369110,52
733460,52
318220,52
567670,52
293680,52
780350,51
23530,51
586750,51
269730,51
315810,51
376300,51
312560,51
517720,51
203680,51
203350,51
579820,51
741820,51
494720,51
311870,51
351030,51
373970,51
299680,51
428080,51
294810,51
364930,51
15000,51
682570,51
33520,51
415880,51
18040,51
246760,51
33900,51
252670,51
619280,51
764050,51
553260,51
647570,51
733300,50
911220,50
390340,50
251230,50
333250,50
359900,50
584930,50
285800,50
476240,50
733050,50
550340,50
608990,50
409890,50
312210,50
44360,50
348360,49
857450,49
723270,49
396350,49
415420,49
826600,49
331920,49
566530,49
414190,49
6810,49
204060,49
349790,49
418070,49
208730,49
712050,49
436290,49
604490,49
707300,49
339040,49
322300,49
691280,49
606680,49
262490,49
670160,49
17710,49
579760,48
579950,48
548340,48
415480,48
314150,48
287260,48
550080,48
685680,48
375750,48
409850,48
655100,48
498330,48
389170,48
38600,48
250460,48
427470,48
294140,48
601540,48
420740,48
965670,48
80360,48
297750,48
312230,47
201290,47
312650,47
23450,47
355800,47
57740,47
545600,47
225420,47
835430,47
373180,47
115110,47
565860,47
716710,47
281920,47
361850,47
323670,47
628750,47
308173,47
696180,47
211340,47
629770,47
347160,47
508190,47
342610,47
327510,47
403970,47
347610,47
65740,47
689900,47
434250,47
385240,47
377080,47
650440,47
650760,47
254440,47
526140,46
776960,46
311190,46
290260,46
310700,46
368610,46
936160,46
403400,46
359400,46
834060,46
588040,46
1005930,46
711990,46
601770,46
787740,46
384570,46
45300,46
399790,46
3810,46
702120,46
850450,46
251870,46
251830,46
244870,46
249990,46
250380,46
377670,46
273500,46
237430,46
887060,46
575330,46
888040,46
275570,46
232050,46
336060,46
506900,45
686190,45
1690,45
510510,45
976390,45
407980,45
340490,45
767390,45
234820,45
655480,45
38700,45
400660,45
547590,45
10110,45
252230,45
633110,45
377870,45
276890,45
200960,45
576030,45
889600,45
460700,45
578850,45
349220,45
8880,45
292800,45
449710,45
291710,45
32340,45
556740,45
322290,45
386480,45
200150,45
428750,45
264160,45
923470,44
502740,44
1500,44
294670,44
451650,44
575950,44
37600,44
215510,44
392280,44
618970,44
303590,44
29180,44
341550,44
452440,44
270130,44
418190,44
239800,44
349250,44
390310,44
325730,44
399640,44
652190,44
805820,44
352890,44
556860,44
555510,44
283940,44
1020820,44
39120,44
409100,44
400110,43
400450,43
793740,43
423950,43
426630,43
490930,43
607880,43
389220,43
431590,43
551730,43
481180,43
560370,43
750170,43
573490,43
522210,43
463980,43
584370,43
453290,43
448320,43
588970,43
605830,43
612370,43
822990,43
698780,43
505060,43
1051310,43
58520,43
310740,43
243000,43
355970,43
331440,43
319480,43
289520,43
9760,43
227380,43
35460,43
314070,43
336080,43
63200,43
279940,43
80340,43
204630,43
345660,43
314830,43
301300,42
822760,42
488920,42
302710,42
214420,42
395620,42
483770,42
452510,42
386260,42
281750,42
292780,42
383790,42
587470,42
319250,42
347670,42
365900,42
724970,42
115220,42
369440,42
769950,42
33620,42
766280,42
582330,42
463850,42
398000,42
2500,42
220090,42
412770,42
306630,42
318100,42
363980,41
57680,41
3270,41
698720,41
408650,41
215690,41
552130,41
939990,41
441380,41
203510,41
297920,41
430070,41
352220,41
312630,41
227920,41
38430,41
658980,41
442500,41
273570,41
33680,41
4890,41
390030,41
305940,41
643880,41
510540,41
516130,41
740290,40
377900,40
219760,40
574310,40
300060,40
360640,40
726250,40
242840,40
741430,40
412670,40
820730,40
547360,40
580710,40
477270,40
477730,40
752910,40
241410,40
33130,40
8340,40
319760,40
715050,40
249680,40
226560,40
264730,40
9460,40
388060,40
638000,40
705280,40
345860,40
318430,40
687920,39
112100,39
497400,39
223490,39
530390,39
408990,39
391260,39
330580,39
40400,39
3170,39
506870,39
598450,39
299500,39
465280,39
596240,39
359350,39
314030,39
582890,39
32350,39
244070,39
715010,39
361230,39
585180,39
584990,39
284890,39
235250,39
284870,39
29800,39
812550,39
661940,38
211160,38
407310,38
80350,38
678520,38
282590,38
686600,38
497800,38
308040,38
241240,38
485690,38
485670,38
755790,38
285380,38
704210,38
227760,38
583760,38
415920,38
375840,38
328590,38
714370,38
320820,38
377520,38
551110,38
303390,38
975680,38
491090,38
323460,38
400580,38
290530,38
446790,38
358750,38
982150,38
862480,38
289930,38
6840,38
830980,38
265690,38
404200,38
839630,38
363330,38
489460,38
11480,38
402160,37
235520,37
890570,37
813540,37
414660,37
107600,37
621930,37
388450,37
377060,37
388340,37
574050,37
37000,37
226740,37
296770,37
25990,37
622040,37
299400,37
333880,37
882790,37
272620,37
923810,37
397160,37
446120,37
582500,37
551450,37
32630,37
775900,37
726990,37
431450,37
299360,37
441790,37
307340,37
6090,37
429780,36
611180,36
611350,36
7210,36
115210,36
385330,36
367600,36
469790,36
802730,36
225360,36
3800,36
423590,36
286460,36
91200,36
487430,36
463170,36
441010,36
391490,36
365660,36
654050,36
304350,36
447780,36
331200,36
91100,36
294440,36
24420,36
284830,36
214360,36
201480,36
610810,36
698870,36
485450,36
10100,35
493080,35
269270,35
423490,35
250560,35
599460,35
557410,35
314180,35
432100,35
65610,35
1600,35
345200,35
595770,35
3010,35
575480,35
314000,35
427760,35
65270,35
370350,35
288040,35
344770,35
533480,35
294540,35
359840,35
32900,35
295690,35
783210,35
326840,35
916930,35
268770,35
357340,35
671390,35
570780,35
746400,35
2350,35
845880,35
461640,35
271360,35
549080,35
270010,34
555400,34
283080,34
690140,34
512300,34
434020,34
217690,34
860620,34
444200,34
450440,34
581300,34
3130,34
612100,34
509570,34
37700,34
347170,34
459090,34
275610,34
416790,34
346810,34
414720,34
322680,34
242570,34
284810,34
529910,34
318530,34
814480,34
399890,34
111600,34
597700,34
298480,34
288930,34
501990,34
864300,34
46550,34
463210,34
777770,34
540510,34
467520,34
757330,34
545050,34
355060,34
97100,34
21680,34
815450,34
440730,34
375200,34
742460,34
448290,34
454950,33
679270,33
317320,33
585910,33
496890,33
790540,33
543240,33
656700,33
350740,33
564150,33
450670,33
462940,33
262450,33
897820,33
440630,33
281280,33
338140,33
685690,33
9800,33
200230,33
40350,33
655730,33
629000,33
945460,33
531680,33
39520,33
505730,33
762610,33
347430,33
618950,33
2800,33
467960,33
398100,33
45720,33
871950,33
400360,33
527290,33
354680,33
242130,33
369420,33
702700,33
227080,33
329830,33
34820,33
505330,33
2810,33
610380,33
663390,32
476420,32
760330,32
1025050,32
977390,32
598490,32
450390,32
676420,32
35480,32
398170,32
293860,32
673450,32
444930,32
262850,32
443970,32
639270,32
749800,32
938220,32
23400,32
454140,32
344860,32
303790,32
567280,32
595430,32
777130,32
284790,32
541230,32
891510,32
204180,32
240600,32
377460,32
337720,32
463030,32
46490,32
397390,32
600720,32
441280,32
590590,32
241320,32
724250,32
352550,32
308270,32
307940,32
355760,32
271820,32
878580,32
316160,32
215670,32
392580,32
687750,32
265810,32
418040,32
438140,32
253290,32
635310,32
41800,32
552160,32
402260,32
23490,32
559910,32
690530,32
606730,31
93200,31
65560,31
277460,31
606890,31
786580,31
459010,31
371420,31
90200,31
496730,31
340070,31
579020,31
252710,31
283680,31
249330,31
218820,31
368640,31
603020,31
355240,31
324260,31
708580,31
42850,31
494670,31
471920,31
251950,31
348820,31
201420,31
364300,31
441670,31
282050,31
212050,31
210950,31
250700,31
205730,31
209190,31
606860,31
636320,31
622460,31
327880,31
552970,31
266490,31
278460,31
881920,31
396790,31
305380,31
680320,31
548840,31
558110,31
385710,31
475490,31
625980,31
385250,31
2840,31
382050,31
317100,30
621810,30
341500,30
401810,30
27000,30
262390,30
271920,30
392470,30
409450,30
487720,30
603800,30
592030,30
448580,30
643820,30
588160,30
403830,30
343070,30
560000,30
568930,30
63000,30
685340,30
65600,30
563360,30
297470,30
562410,30
311140,30
925440,30
57620,30
281940,30
346460,30
542350,30
703840,30
327930,30
466740,30
2450,30
29900,30
794580,30
567750,30
4880,30
356450,30
522040,30
457680,30
229580,30
43000,30
238050,30
518730,30
42990,30
506510,30
298400,29
361360,29
1900,29
287070,29
337350,29
286570,29
528610,29
286480,29
850000,29
299070,29
360650,29
314520,29
407230,29
32770,29
552460,29
622870,29
595740,29
9940,29
287900,29
614910,29
446840,29
530120,29
49470,29
446000,29
297310,29
311720,29
353550,29
205840,29
364230,29
3820,29
368650,29
534370,29
438130,29
351860,29
72000,29
324740,29
284730,29
252130,29
705290,29
344040,29
395860,29
587580,29
451780,29
227220,29
26900,29
691770,29
393430,29
232970,29
251210,29
209830,29
307230,29
415170,29
306040,29
245410,29
658700,29
248650,29
279140,29
384740,29
677180,29
342640,29
651500,29
553480,29
4870,29
390290,29
656600,29
1003360,29
45710,28
585890,28
401690,28
299720,28
497850,28
504920,28
448780,28
306670,28
278100,28
277680,28
45100,28
404620,28
394600,28
41100,28
40330,28
301150,28
508790,28
296240,28
358070,28
34600,28
515260,28
458920,28
294590,28
247370,28
465020,28
207080,28
749960,28
269250,28
396310,28
595110,28
429620,28
444640,28
298560,28
986020,28
371550,28
330570,28
207750,28
591630,28
205230,28
552880,28
421700,28
20820,28
451840,28
70640,28
539400,28
297760,28
428900,28
65730,28
537430,28
538840,28
395270,28
694090,28
282030,28
337070,27
281410,27
587420,27
336940,27
555050,27
441050,27
423620,27
494230,27
287200,27
320340,27
293180,27
324190,27
300260,27
337850,27
265590,27
276340,27
545690,27
574820,27
432980,27
324710,27
421660,27
320760,27
688480,27
659480,27
453310,27
340580,27
70620,27
390610,27
215630,27
39560,27
350110,27
371200,27
108700,27
771920,27
209950,27
466980,27
373750,27
38720,27
262790,27
466940,27
739190,27
248190,27
875760,27
385560,27
224600,27
850630,27
3260,27
402750,27
365770,27
347400,27
456430,27
397270,27
611980,27
46770,27
734920,27
70420,27
298930,26
628760,26
407420,26
628950,26
429610,26
32750,26
330720,26
392080,26
527340,26
377690,26
244730,26
289890,26
527280,26
739980,26
214830,26
453720,26
8100,26
841460,26
381100,26
550590,26
746140,26
456540,26
758410,26
545410,26
326180,26
427950,26
39630,26
317620,26
61510,26
685400,26
463930,26
613470,26
490490,26
15500,26
227940,26
488730,26
42120,26
63700,26
415300,26
533950,26
216110,26
820030,26
8890,26
296910,26
98200,26
277110,26
307570,26
266230,26
355130,26
252890,26
351490,26
337490,26
73210,26
887530,26
385730,25
32640,25
681330,25
18300,25
343090,25
324140,25
677450,25
22650,25
433000,25
576260,25
476700,25
315860,25
390710,25
274560,25
418120,25
659190,25
228960,25
273620,25
995460,25
380750,25
234940,25
463150,25
7020,25
467760,25
452540,25
400800,25
108500,25
397330,25
251890,25
347940,25
351340,25
858590,25
597970,25
58570,25
369390,25
629650,25
445770,25
320840,25
779330,25
303430,25
262470,25
338800,25
489380,25
359040,25
408280,25
279720,25
248630,25
7510,25
207420,25
585830,25
513890,25
335790,25
483950,25
341710,25
46250,25
642610,25
742480,25
532030,24
202690,24
716340,24
289300,24
695600,24
6400,24
422420,24
721090,24
567130,24
906390,24
684270,24
532270,24
288220,24
223220,24
431260,24
286810,24
546930,24
281450,24
286280,24
451600,24
546080,24
549860,24
356260,24
281200,24
561770,24
95300,24
91330,24
427700,24
326190,24
438430,24
751500,24
24400,24
855630,24
344480,24
248350,24
481190,24
279440,24
305840,24
644670,24
242780,24
395570,24
458630,24
520600,24
414120,24
250580,24
611750,24
396640,24
262550,24
386770,24
523640,24
680480,24
314470,24
449250,24
570770,24
410840,24
492500,24
581030,24
233190,24
857690,24
437000,23
461170,23
718330,23
444490,23
266110,23
486510,23
246070,23
447190,23
366040,23
848310,23
524640,23
409600,23
287220,23
286320,23
463700,23
296070,23
336610,23
749780,23
591790,23
529490,23
629440,23
295850,23
32310,23
372930,23
465720,23
358270,23
7770,23
33670,23
539670,23
208600,23
500670,23
389900,23
842810,23
275290,23
577080,23
62100,23
261700,23
220460,23
475430,23
17140,23
65710,23
319050,23
402060,23
612300,23
504000,23
610190,23
325180,23
281220,23
872820,23
521920,23
700160,23
578930,23
512220,23
557040,23
411310,23
289340,23
530950,23
380220,23
457960,23
209540,23
352780,23
558450,23
280560,23
457480,23
756880,22
756590,22
252010,22
886960,22
447800,22
782140,22
398030,22
294530,22
447890,22
444940,22
253610,22
261880,22
340310,22
370510,22
25010,22
80200,22
401360,22
351910,22
253770,22
73010,22
485040,22
551700,22
372940,22
11200,22
239090,22
208670,22
273070,22
526740,22
38230,22
713530,22
38450,22
343560,22
449730,22
236470,22
306200,22
18000,22
497730,22
1610,22
331650,22
561740,22
968350,22
291190,22
415350,22
967250,22
32760,22
207930,22
408960,22
586960,22
267920,22
23500,22
251810,22
746940,22
299250,22
321410,22
378270,22
32150,22
394870,22
569610,22
341870,22
342190,22
348510,22
585080,22
243360,22
319450,22
46540,21
462960,21
366260,21
363530,21
359960,21
289800,21
33180,21
365810,21
361690,21
43100,21
858940,21
1530,21
263020,21
368570,21
567060,21
239720,21
316600,21
238530,21
579110,21
878380,21
3050,21
444140,21
343930,21
877360,21
235360,21
575820,21
414510,21
443860,21
662210,21
306640,21
226960,21
780280,21
240970,21
392000,21
392070,21
623080,21
263560,21
489610,21
602770,21
490450,21
444970,21
406720,21
622420,21
591380,21
11260,21
268320,21
268810,21
341150,21
251370,21
305640,21
409000,21
248550,21
223410,21
570420,21
205020,21
328500,21
207020,21
204860,21
1013870,21
200670,21
200550,21
350010,21
105800,21
1007350,21
426690,21
21010,21
287580,21
351870,21
369580,21
465170,21
22500,21
212780,21
555750,21
451010,21
420100,21
384310,21
418300,21
346140,21
695100,21
556640,21
561610,21
298360,20
446540,20
504390,20
503370,20
488660,20
304030,20
457010,20
315670,20
299460,20
11050,20
451570,20
15380,20
470740,20
299540,20
468070,20
438340,20
499890,20
295750,20
295670,20
628290,20
550670,20
207400,20
377970,20
733740,20
201490,20
741990,20
745220,20
252390,20
540880,20
326150,20
105420,20
102850,20
390730,20
99700,20
628920,20
251710,20
378660,20
249570,20
282760,20
331190,20
272040,20
692030,20
562570,20
332360,20
280320,20
218740,20
384550,20
393980,20
227200,20
669050,20
412790,20
773430,20
535850,20
364050,20
365020,20
33770,20
265470,20
34410,20
405780,20
435490,20
262690,20
406130,20
435100,20
40930,20
266170,20
534290,20
517130,20
253880,20
266390,20
236730,20
431750,20
46370,20
292160,20
366000,20
355400,20
46750,20
340300,20
520850,20
529240,20
367570,20
618510,19
449300,19
24480,19
621020,19
252830,19
392970,19
619430,19
261920,19
316930,19
991780,19
640310,19
615010,19
481870,19
249550,19
628890,19
11340,19
209630,19
344440,19
65400,19
458830,19
313140,19
361040,19
460960,19
37400,19
39650,19
356530,19
827640,19
43190,19
364640,19
45000,19
51060,19
464100,19
788700,19
778330,19
665090,19
70650,19
375450,19
467820,19
469730,19
207430,19
264560,19
209730,19
710610,19
704230,19
383460,19
215710,19
691150,19
384680,19
683280,19
263820,19
340270,19
458770,19
551190,19
319970,19
531660,19
336300,19
269710,19
495720,19
288370,19
6250,19
4800,19
425720,19
423810,19
284260,19
301520,19
276870,19
332790,19
574030,19
420980,19
556820,19
893010,19
568750,19
600460,19
560380,19
416380,19
525240,19
271370,19
291910,19
513360,19
510620,19
513330,19
436230,19
321870,19
15560,19
294750,19
437420,19
595440,19
468240,18
285480,18
836490,18
347710,18
356890,18
357290,18
38460,18
719200,18
718370,18
299110,18
312920,18
435480,18
330990,18
418440,18
510650,18
360150,18
458000,18
205830,18
349500,18
547340,18
349140,18
324650,18
354400,18
521500,18
293480,18
289280,18
289200,18
311120,18
454100,18
307050,18
94200,18
325520,18
959890,18
41300,18
543010,18
375120,18
742250,18
425650,18
546980,18
290970,18
417990,18
975270,18
418250,18
649790,18
577730,18
612110,18
243450,18
333930,18
273600,18
402120,18
245370,18
496550,18
493060,18
3600,18
25910,18
340520,18
306700,18
268890,18
253690,18
252550,18
400180,18
408250,18
301380,18
241620,18
244050,18
576470,18
661920,18
450950,18
4520,18
385400,18
571720,18
231310,18
404080,18
511350,18
265950,18
606510,18
238910,18
39110,17
301610,17
253410,17
508140,17
253510,17
511140,17
33650,17
293660,17
37030,17
491330,17
603100,17
599960,17
267600,17
295770,17
303550,17
856130,17
265000,17
264080,17
253790,17
280600,17
312350,17
650350,17
499460,17
696140,17
699740,17
573680,17
209060,17
476360,17
657090,17
656200,17
551690,17
576130,17
654850,17
239700,17
467930,17
252910,17
581520,17
867490,17
246700,17
889770,17
631980,17
586350,17
92100,17
18700,17
529900,17
62000,17
485900,17
525640,17
588240,17
33110,17
370280,17
342300,17
408640,17
444720,17
454160,17
406080,17
343100,17
371190,17
447200,17
400160,17
319560,17
362410,17
415030,17
440550,17
417430,17
442210,17
399070,17
341950,17
422860,17
397500,17
329650,17
350500,17
436390,17
420550,17
434370,17
1000080,17
431250,17
335190,17
358460,17
383580,17
387370,17
324810,17
365560,17
355630,17
458480,17
337360,17
410820,17
757180,16
252570,16
274250,16
417110,16
622770,16
489370,16
468490,16
750210,16
18050,16
251850,16
453270,16
350310,16
403940,16
339130,16
263360,16
613730,16
277870,16
306490,16
67000,16
570710,16
332490,16
304910,16
575700,16
415840,16
614950,16
25700,16
370460,16
371100,16
471330,16
403290,16
317710,16
95900,16
351250,16
61600,16
292390,16
638070,16
739000,16
542260,16
211010,16
655080,16
237950,16
389700,16
871990,16
235660,16
321060,16
214130,16
214150,16
388970,16
214630,16
294370,16
429470,16
515570,16
289600,16
217290,16
689650,16
344840,16
431710,16
223430,16
224040,16
508990,16
296550,16
553790,16
381260,16
422110,16
395160,16
204940,16
444000,16
263880,16
423550,16
640380,16
206370,16
319550,16
244750,16
298520,16
27020,16
342630,16
504400,16
319850,16
994020,16
297110,16
543390,16
710170,16
542400,16
709840,16
263740,16
525610,16
37010,16
407780,16
42980,16
313810,16
459940,16
360510,16
585950,16
457860,16
840140,16
270050,16
360380,16
408930,16
596870,16
34810,16
465760,16
270790,16
357780,16
464850,16
312790,16
70210,15
70660,15
404690,15
40380,15
8790,15
778610,15
448440,15
394680,15
779430,15
730620,15
463220,15
278890,15
26000,15
262190,15
731920,15
513230,15
15160,15
612930,15
375130,15
7730,15
235820,15
382380,15
613450,15
586880,15
567800,15
115200,15
313400,15
755980,15
22670,15
488770,15
372210,15
302590,15
373240,15
356270,15
340360,15
531180,15
350970,15
281370,15
664180,15
752500,15
626510,15
434210,15
626550,15
23420,15
350770,15
567290,15
766730,15
627910,15
600420,15
371140,15
445020,15
339570,15
12180,15
363460,15
359580,15
299660,15
340340,15
298280,15
334210,15
706490,15
355860,15
287840,15
1037190,15
644480,15
269370,15
357670,15
472420,15
703700,15
597150,15
451990,15
207530,15
844380,15
403860,15
716630,15
439310,15
241720,15
469890,15
333430,15
425670,15
320610,15
427240,15
274480,15
574140,15
381870,15
381750,15
573170,15
238960,15
475240,15
296220,15
583040,15
299480,15
501120,15
269490,15
285820,15
550310,15
407300,15
221830,15
440760,15
391170,15
206480,15
359940,14
343360,14
286770,14
438420,14
464620,14
42170,14
327950,14
302690,14
711440,14
391580,14
661040,14
491000,14
373920,14
105300,14
543180,14
373480,14
379530,14
377600,14
628060,14
27330,14
630030,14
357120,14
395900,14
328470,14
319400,14
735570,14
512080,14
203210,14
497580,14
550840,14
598440,14
500710,14
551170,14
728440,14
39640,14
251410,14
362350,14
200370,14
394540,14
374060,14
242530,14
628800,14
454410,14
744520,14
214590,14
243220,14
342350,14
389870,14
301190,14
494810,14
595460,14
375460,14
375510,14
21660,14
429600,14
45400,14
217270,14
333210,14
58560,14
277390,14
279260,14
70900,14
610500,14
289620,14
386650,14
23380,14
415950,14
485730,14
403700,14
485870,14
485890,14
460060,14
452860,14
570050,14
522090,14
219200,14
402570,14
573060,14
264520,14
449510,14
307010,14
18020,14
11240,14
886040,14
528660,14
529440,14
70100,14
414920,14
368160,14
368990,14
887370,14
262410,14
363950,14
65530,14
400790,14
46340,14
828580,14
454320,14
453300,14
371670,14
431930,14
317970,14
912370,14
332250,14
263400,14
617030,14
337270,14
263680,14
525380,14
224740,14
275060,14
605990,14
337480,13
821060,13
382360,13
244810,13
499620,13
325930,13
521630,13
9850,13
386080,13
394220,13
235980,13
461890,13
334040,13
306680,13
789950,13
450700,13
542770,13
508180,13
246920,13
205810,13
356910,13
603350,13
219190,13
390200,13
15520,13
412520,13
504770,13
222640,13
290280,13
412620,13
207790,13
320540,13
241760,13
367000,13
638160,13
347620,13
345330,13
602890,13
362090,13
361190,13
380020,13
291960,13
264240,13
323780,13
610750,13
35320,13
286540,13
244090,13
1025250,13
575510,13
380600,13
462100,13
57200,13
46410,13
586970,13
12170,13
556280,13
233310,13
332480,13
556870,13
251530,13
415850,13
400510,13
444690,13
893020,13
215830,13
427660,13
745850,13
444800,13
252310,13
371010,13
483960,13
444880,13
405500,13
567580,13
304050,13
559260,13
232950,13
255870,13
94620,13
492150,13
447170,13
487220,13
94000,13
313390,13
907210,13
688470,13
268220,13
488950,13
457570,13
234160,13
40320,13
229870,13
406850,13
394850,13
480430,13
613390,13
671090,13
449530,13
981260,13
252970,13
16710,13
294830,13
205080,13
267900,13
300580,13
214910,13
322750,13
446640,13
529950,13
738610,13
630060,13
305780,13
369000,13
288880,13
251310,13
341390,13
346730,13
289460,12
287720,12
427680,12
294000,12
695630,12
291170,12
233410,12
225280,12
347000,12
269230,12
290040,12
344340,12
346420,12
687830,12
16600,12
292600,12
295250,12
18820,12
666940,12
382330,12
513320,12
537100,12
213030,12
386870,12
387930,12
268670,12
320690,12
529060,12
1002560,12
873200,12
436560,12
216090,12
429700,12
302190,12
340830,12
283180,12
361380,12
489020,12
405180,12
753230,12
753220,12
560720,12
270310,12
311910,12
335120,12
559960,12
373650,12
403510,12
41740,12
302060,12
306410,12
892760,12
744420,12
470210,12
330420,12
96800,12
400370,12
338980,12
402430,12
332580,12
886820,12
823580,12
781810,12
788130,12
415150,12
369290,12
484950,12
368180,12
354160,12
465650,12
11330,12
304460,12
259340,12
404820,12
280140,12
317510,12
371570,12
556340,12
480450,12
300400,12
342260,12
4530,12
468050,12
468000,12
207570,12
467950,12
355530,12
648120,12
716650,12
297450,12
297350,12
505210,12
438320,12
347290,12
710780,12
438020,12
334190,12
508260,12
378110,12
378580,12
312360,12
356580,12
836480,12
46290,12
463290,12
501760,12
283920,12
284100,12
319320,12
284950,12
342200,12
314240,12
453790,12
344800,11
527710,11
576310,11
604740,11
264060,11
573080,11
332610,11
527160,11
574080,11
611800,11
406940,11
414080,11
386990,11
528300,11
224860,11
18070,11
575650,11
608530,11
606370,11
262590,11
226120,11
338320,11
334850,11
542200,11
409910,11
431120,11
267980,11
397310,11
396800,11
330180,11
421630,11
248530,11
879670,11
658160,11
342480,11
342620,11
656210,11
406170,11
546090,11
287960,11
904310,11
888260,11
650110,11
269290,11
966530,11
388620,11
663090,11
254060,11
415610,11
569770,11
530020,11
404770,11
261490,11
325060,11
270950,11
344630,11
405370,11
233210,11
962970,11
325090,11
399780,11
252730,11
270570,11
663110,11
248800,11
527190,11
492630,11
435790,11
63110,11
799500,11
470780,11
921390,11
382090,11
704830,11
366970,11
382260,11
47410,11
211970,11
46450,11
828150,11
941850,11
513780,11
46260,11
310490,11
294040,11
383690,11
310890,11
383960,11
364910,11
44690,11
63500,11
63800,11
209690,11
347560,11
350150,11
32160,11
302250,11
444280,11
496640,11
444260,11
202130,11
318090,11
203990,11
488300,11
371460,11
205090,11
498660,11
72400,11
501840,11
304580,11
71000,11
207250,11
720150,11
439250,11
717950,11
465430,11
375520,11
460340,11
313830,11
312720,11
7220,11
345540,11
522570,11
313080,11
843890,11
433920,11
322970,11
684720,11
359440,11
358960,11
357900,11
322900,11
313650,11
740600,10
570970,10
378750,10
21030,10
719430,10
278930,10
339440,10
305980,10
207370,10
337420,10
251690,10
279070,10
267360,10
644200,10
341020,10
352070,10
378800,10
613270,10
633950,10
785850,10
338190,10
61730,10
939620,10
375250,10
368080,10
555640,10
473970,10
402310,10
714010,10
63900,10
327260,10
327310,10
342990,10
227060,10
352610,10
279160,10
318650,10
298950,10
344910,10
248470,10
29130,10
418670,10
446620,10
635670,10
421810,10
431840,10
345120,10
492290,10
99400,10
372750,10
446040,10
249360,10
351150,10
386520,10
488280,10
332400,10
485370,10
880950,10
924650,10
299340,10
245050,10
348240,10
391070,10
431810,10
206210,10
500870,10
442080,10
447850,10
299600,10
485950,10
246940,10
91900,10
313590,10
873220,10
380580,10
653950,10
366640,10
4460,10
335320,10
403980,10
289420,10
581200,10
410570,10
428630,10
382420,10
264300,10
579230,10
606330,10
292630,10
7260,10
271670,10
586310,10
467210,10
411080,10
46360,10
46270,10
519080,10
514290,10
271970,10
466800,10
429280,10
344410,10
272330,10
214550,10
514090,10
384280,10
533170,10
214610,10
663240,10
230650,10
462440,10
429490,10
806860,10
528510,10
238870,10
335830,10
1023980,10
283230,10
293740,10
403590,10
530920,10
518720,10
265750,10
576810,10
576980,10
508740,10
804730,10
50000,10
907270,10
508600,10
289500,10
270270,10
340120,9
337290,9
589670,9
12480,9
283100,9
23460,9
819230,9
585290,9
330350,9
340320,9
490820,9
25600,9
491280,9
364940,9
398180,9
492270,9
586240,9
314380,9
331980,9
492340,9
828960,9
601010,9
363130,9
301200,9
409380,9
801880,9
400740,9
566090,9
49800,9
457530,9
368590,9
50510,9
450170,9
339210,9
277700,9
338130,9
476020,9
454890,9
357720,9
262900,9
269010,9
452420,9
312970,9
461520,9
402560,9
796620,9
354620,9
352240,9
597030,9
263320,9
595320,9
92300,9
416110,9
279640,9
485860,9
466890,9
451920,9
337040,9
568440,9
568720,9
263380,9
864940,9
308600,9
269690,9
453670,9
570000,9
468820,9
457320,9
784940,9
448020,9
678190,9
710030,9
293240,9
321150,9
283600,9
428190,9
230840,9
395500,9
389270,9
218230,9
237550,9
393610,9
205060,9
546230,9
348540,9
395350,9
283820,9
427980,9
294020,9
421260,9
216290,9
530350,9
546700,9
427550,9
286140,9
348490,9
873190,9
515650,9
434290,9
211900,9
422250,9
502710,9
536930,9
379420,9
289090,9
345080,9
555660,9
391160,9
224900,9
438080,9
428860,9
998490,9
381180,9
640800,9
7530,9
296730,9
420770,9
391310,9
394280,9
686180,9
527750,9
727510,9
975240,9
496340,9
292230,9
436520,9
211180,9
423120,9
328940,9
431640,9
500580,9
286830,9
384000,9
467570,8
411570,8
411760,8
434880,8
366290,8
212500,8
236130,8
575570,8
307190,8
333260,8
326340,8
704840,8
427810,8
427910,8
275510,8
346900,8
539440,8
237570,8
807920,8
211440,8
48950,8
211580,8
389050,8
511340,8
355270,8
273840,8
389650,8
453100,8
289180,8
289440,8
428830,8
231040,8
337680,8
463160,8
409320,8
18420,8
269610,8
384500,8
431280,8
587860,8
461730,8
292200,8
528160,8
433600,8
461230,8
675630,8
290020,8
431700,8
33950,8
459910,8
23700,8
914140,8
359810,8
593330,8
590720,8
265830,8
405610,8
234920,8
292990,8
514240,8
388420,8
582620,8
294230,8
346180,8
1670,8
532290,8
325120,8
665270,8
531050,8
42920,8
215790,8
517000,8
517370,8
42500,8
311850,8
335700,8
42140,8
363610,8
293160,8
363490,8
24200,8
40420,8
507520,8
349680,8
543100,8
393920,8
490870,8
395420,8
302390,8
933940,8
252750,8
758100,8
249190,8
98600,8
619700,8
446780,8
253350,8
253390,8
377140,8
497700,8
371500,8
280040,8
730410,8
988100,8
498570,8
416080,8
11360,8
304170,8
206250,8
27940,8
317300,8
932980,8
331510,8
622170,8
291130,8
555630,8
251490,8
200130,8
375180,8
496260,8
396360,8
3230,8
111400,8
631540,8
108110,8
631900,8
330100,8
252290,8
250660,8
627620,8
282100,8
340800,8
554750,8
559340,8
302010,8
749540,8
559870,8
283560,8
751240,8
319470,8
880490,8
407020,8
277500,8
650490,8
439460,8
449060,8
645690,8
864550,8
15400,8
327060,8
391420,8
415240,8
2780,8
785840,8
286360,8
352430,8
327440,8
787040,8
782690,8
240620,8
317030,8
328220,8
352010,8
244410,8
377880,8
485350,8
779640,8
393750,8
353070,7
357600,7
386280,7
672860,7
229520,7
375600,7
704470,7
347030,7
238890,7
357770,7
740200,7
345010,7
356880,7
743090,7
238930,7
116100,7
396890,7
593530,7
368050,7
385070,7
58200,7
359920,7
685950,7
33990,7
347440,7
223450,7
367110,7
707870,7
367080,7
58550,7
375680,7
266190,7
610130,7
265970,7
815210,7
350780,7
204960,7
204440,7
364630,7
691390,7
636570,7
60800,7
339910,7
346040,7
253960,7
263700,7
365890,7
338060,7
371300,7
263860,7
404550,7
80000,7
404180,7
404050,7
603750,7
400240,7
265380,7
379640,7
261720,7
252170,7
262240,7
347590,7
39660,7
337820,7
230980,7
389160,7
252430,7
399130,7
25500,7
718180,7
785780,7
356420,7
99100,7
736860,7
337880,7
606480,7
342490,7
263100,7
458600,7
292400,7
486480,7
440340,7
439920,7
503240,7
319740,7
503820,7
429330,7
297720,7
410430,7
4780,7
277560,7
303840,7
438030,7
289820,7
324760,7
508300,7
463760,7
289840,7
8330,7
418910,7
409920,7
296050,7
283310,7
904990,7
319280,7
490980,7
412460,7
301460,7
314560,7
11590,7
492220,7
491470,7
329190,7
445750,7
300320,7
925470,7
575010,7
287120,7
329460,7
427570,7
287600,7
273730,7
933450,7
411540,7
428180,7
446380,7
529160,7
303940,7
314250,7
589420,7
448610,7
290380,7
525920,7
304290,7
315850,7
461210,7
306440,7
524380,7
476920,7
313210,7
513570,7
306550,7
267940,7
460160,7
280540,7
975120,7
293340,7
293320,7
523160,7
322850,7
18120,7
467000,7
312430,7
448470,7
331390,7
527760,7
269890,7
18400,7
321260,7
321030,7
290000,7
418060,7
473610,7
448000,7
329380,6
248510,6
317280,6
332390,6
105100,6
331880,6
329200,6
565720,6
253860,6
485490,6
73220,6
897330,6
8310,6
753110,6
341030,6
318310,6
880400,6
341090,6
448560,6
1840,6
317940,6
4900,6
396860,6
629960,6
555710,6
340280,6
98100,6
489170,6
563120,6
490220,6
316890,6
635250,6
557580,6
341120,6
305920,6
238630,6
423710,6
436180,6
297020,6
530040,6
508170,6
437530,6
229810,6
671800,6
382080,6
320630,6
704690,6
510930,6
382300,6
212030,6
382350,6
227560,6
214570,6
285130,6
386560,6
696360,6
695970,6
514580,6
224260,6
293880,6
524660,6
321830,6
913890,6
291480,6
523710,6
222140,6
291630,6
293440,6
530630,6
531270,6
713050,6
27400,6
6210,6
200210,6
285840,6
444480,6
200490,6
644540,6
644640,6
495990,6
243160,6
444220,6
392020,6
545580,6
443880,6
391280,6
326720,6
390890,6
416550,6
343390,6
377660,6
656140,6
237470,6
236790,6
537520,6
288860,6
348270,6
207190,6
207380,6
289260,6
429580,6
617440,6
283390,6
795100,6
405010,6
354860,6
455710,6
463110,6
335920,6
467850,6
339400,6
813820,6
278620,6
604450,6
337980,6
46400,6
36000,6
405950,6
360970,6
307130,6
408760,6
360840,6
270490,6
335660,6
453960,6
355520,6
272890,6
603130,6
335100,6
49810,6
470060,6
264280,6
49300,6
338530,6
366280,6
55000,6
470270,6
466730,6
271570,6
315340,6
473450,6
311080,6
410210,6
465840,6
49900,6
358810,6
416020,6
313620,6
352950,6
45730,6
336440,6
821790,6
882940,6
614030,6
315830,6
412050,6
332410,6
266290,6
273770,6
315550,6
408110,6
408000,6
466350,6
35310,6
353190,6
581220,5
392260,5
300300,5
300340,5
428220,5
538590,5
375950,5
311480,5
348380,5
441680,5
29160,5
496930,5
454070,5
376310,5
264120,5
390040,5
603190,5
6270,5
377710,5
392410,5
498500,5
603940,5
326950,5
542340,5
364690,5
19200,5
326520,5
390910,5
892510,5
878420,5
334070,5
338120,5
390660,5
327010,5
377470,5
727640,5
287860,5
540100,5
286660,5
545250,5
539450,5
263520,5
263920,5
727090,5
377480,5
316080,5
209520,5
337960,5
346630,5
431910,5
336420,5
321400,5
514620,5
215550,5
324170,5
223730,5
515470,5
360550,5
34420,5
313980,5
434410,5
516600,5
321920,5
384080,5
384090,5
216130,5
345750,5
324090,5
593200,5
916050,5
689360,5
358830,5
292060,5
522020,5
521950,5
323490,5
27900,5
457820,5
513620,5
386700,5
970510,5
457490,5
943380,5
718320,5
583490,5
905940,5
311860,5
664090,5
312010,5
209330,5
344500,5
264480,5
454380,5
380670,5
506670,5
464080,5
430410,5
209790,5
312300,5
230310,5
265120,5
463710,5
356670,5
228440,5
295550,5
387060,5
312600,5
38210,5
27920,5
382480,5
266050,5
740260,5
589320,5
342550,5
575830,5
302490,5
370480,5
468930,5
307090,5
809280,5
371450,5
635880,5
397690,5
318330,5
610310,5
11130,5
779100,5
399430,5
468530,5
57700,5
952420,5
491220,5
247870,5
491650,5
629030,5
398980,5
353630,5
301750,5
283410,5
351730,5
278810,5
448070,5
485120,5
396090,5
412170,5
369890,5
418150,5
250640,5
372690,5
102810,5
555570,5
11560,5
446990,5
633130,5
446100,5
553960,5
369550,5
553880,5
340470,5
367300,5
350600,5
764500,5
450190,5
394130,5
330620,5
244690,5
787370,5
253710,5
788910,5
12430,5
787400,5
282780,5
898000,5
274880,5
46440,5
340860,5
330770,5
286220,5
328270,5
365320,5
741500,5
495980,5
741260,5
628050,5
254080,5
278440,5
370440,5
466810,5
444770,5
277630,5
261680,5
884200,5
331220,5
63960,5
550650,5
449220,5
328600,5
577740,5
619400,5
744260,5
306350,5
558870,5
473560,5
400250,5
318690,5
461780,4
457440,4
456810,4
351480,4
846880,4
80300,4
457520,4
700470,4
321560,4
513370,4
70110,4
65500,4
787790,4
518670,4
368450,4
345700,4
359560,4
65080,4
315920,4
65070,4
939180,4
358770,4
313360,4
448630,4
691630,4
474910,4
304670,4
305760,4
305500,4
461010,4
383930,4
346120,4
317060,4
362810,4
484350,4
293900,4
777880,4
369560,4
776580,4
360890,4
937210,4
473530,4
297060,4
840100,4
443360,4
871720,4
113400,4
374830,4
319230,4
374520,4
205690,4
1015710,4
350530,4
319270,4
453480,4
750800,4
46520,4
809960,4
364380,4
46570,4
453850,4
494320,4
473470,4
494600,4
32140,4
45450,4
201570,4
495910,4
821500,4
377290,4
200390,4
204390,4
318860,4
301050,4
1026820,4
310850,4
443420,4
200020,4
466840,4
377760,4
348290,4
948830,4
724490,4
98500,4
438180,4
307760,4
713680,4
315330,4
451880,4
92900,4
209750,4
363520,4
312280,4
463860,4
314370,4
296630,4
708340,4
437610,4
351230,4
297290,4
32200,4
439910,4
464960,4
452970,4
501430,4
206610,4
502240,4
99900,4
207730,4
379960,4
298180,4
218510,4
957050,4
311820,4
297490,4
504310,4
377330,4
515910,4
546400,4
335840,4
279540,4
341730,4
528820,4
251910,4
656530,4
284180,4
336110,4
288020,4
228320,4
408770,4
403560,4
408740,4
329690,4
387010,4
875930,4
262770,4
386970,4
413870,4
546340,4
392820,4
246680,4
386900,4
540900,4
280930,4
422870,4
263460,4
269810,4
529000,4
339510,4
429830,4
246960,4
397940,4
252070,4
536990,4
667810,4
286200,4
584890,4
230150,4
25850,4
608110,4
559900,4
548370,4
389460,4
263080,4
531730,4
537990,4
671900,4
248370,4
538060,4
333870,4
263420,4
386690,4
610670,4
343270,4
385270,4
338550,4
270090,4
277470,4
223000,4
661000,4
273110,4
566990,4
407720,4
277490,4
564710,4
396660,4
593490,4
546220,4
558660,4
291930,4
325150,4
384750,4
345440,4
279990,4
277520,4
590970,4
267340,4
332620,4
414950,4
262750,4
533820,4
432470,4
277910,4
595420,4
283370,4
270770,4
244890,4
359140,4
342230,4
268260,4
526540,4
542430,4
280640,4
575600,4
265630,4
640850,4
271860,4
391660,4
595120,4
281430,4
678560,4
617660,4
610930,4
233110,4
365350,3
278530,3
578310,3
278570,3
548480,3
403900,3
43500,3
273960,3
495780,3
286380,3
363970,3
356180,3
984110,3
202730,3
992330,3
202410,3
415400,3
465930,3
376920,3
273760,3
311040,3
496350,3
473670,3
370090,3
821560,3
273940,3
425410,3
425240,3
644550,3
72900,3
328710,3
365880,3
494580,3
422130,3
753360,3
104000,3
102200,3
333220,3
283660,3
756360,3
370920,3
283430,3
396230,3
99410,3
292480,3
758090,3
303260,3
98900,3
941650,3
281860,3
397570,3
283330,3
315110,3
308000,3
488440,3
418610,3
315320,3
307590,3
768370,3
414550,3
92220,3
413680,3
333340,3
423900,3
104020,3
929200,3
423770,3
744800,3
275080,3
350220,3
745810,3
624120,3
798420,3
607400,3
453820,3
607440,3
301700,3
111100,3
467370,3
747850,3
329110,3
285010,3
426190,3
284990,3
21640,3
340770,3
373730,3
284930,3
773240,3
552280,3
576560,3
350810,3
497350,3
337950,3
733610,3
35800,3
269590,3
259720,3
269350,3
528720,3
436490,3
461490,3
405970,3
289760,3
344810,3
512230,3
212160,3
415960,3
699700,3
461220,3
461680,3
436530,3
790710,3
279580,3
946650,3
295990,3
437390,3
381900,3
229600,3
210870,3
387840,3
670490,3
783050,3
23300,3
431230,3
15900,3
454180,3
279920,3
253370,3
564010,3
856440,3
457890,3
345580,3
873290,3
267610,3
324070,3
293460,3
476510,3
352960,3
434380,3
267060,3
345130,3
324120,3
416640,3
291250,3
856370,3
294460,3
594680,3
383560,3
514660,3
33980,3
360450,3
368720,3
313040,3
346210,3
434740,3
513590,3
696590,3
290060,3
383080,3
268360,3
437870,3
387870,3
529760,3
485000,3
507390,3
344230,3
417910,3
561080,3
337940,3
502140,3
502090,3
428610,3
332530,3
877840,3
205870,3
237350,3
473910,3
348340,3
363620,3
270810,3
264340,3
363790,3
777650,3
652150,3
319180,3
299780,3
498190,3
264320,3
544810,3
426330,3
334560,3
473810,3
649190,3
377360,3
339470,3
325790,3
315540,3
281060,3
70120,3
289400,3
278970,3
297330,3
362660,3
399600,3
335850,3
234490,3
405000,3
352140,3
663300,3
532840,3
405650,3
296930,3
314220,3
369080,3
838330,3
357500,3
235070,3
462000,3
314320,3
388900,3
378370,3
348020,3
535490,3
531530,3
402390,2
570840,2
615970,2
882960,2
307170,2
11230,2
401890,2
473520,2
61100,2
278640,2
567680,2
292620,2
332710,2
362400,2
409340,2
405720,2
457330,2
843720,2
462930,2
314010,2
39000,2
600630,2
362610,2
586380,2
463000,2
314200,2
270190,2
835860,2
337630,2
461720,2
37100,2
266090,2
851080,2
358080,2
406310,2
34920,2
360730,2
266250,2
313130,2
266330,2
630,2
460640,2
589770,2
459310,2
337210,2
363410,2
335430,2
307350,2
468800,2
403740,2
885140,2
884660,2
467390,2
275470,2
892650,2
308460,2
264580,2
315070,2
414530,2
355180,2
469830,2
610960,2
4230,2
453980,2
263340,2
892630,2
466660,2
365190,2
310070,2
314510,2
45410,2
355920,2
333970,2
273750,2
264000,2
454190,2
311250,2
411120,2
601650,2
264540,2
280460,2
318260,2
476480,2
665120,2
206690,2
722670,2
537180,2
325370,2
502880,2
502910,2
439370,2
298340,2
503460,2
207650,2
503480,2
428950,2
718090,2
438920,2
319780,2
297370,2
319830,2
504980,2
388390,2
320150,2
297100,2
389400,2
288260,2
343840,2
444160,2
348870,2
339610,2
496650,2
646600,2
496750,2
425770,2
300220,2
497260,2
242110,2
204560,2
501190,2
649580,2
204760,2
545150,2
348450,2
442290,2
427780,2
390570,2
238260,2
237760,2
233510,2
531640,2
328100,2
388120,2
513450,2
697630,2
225840,2
386490,2
291030,2
432020,2
695690,2
525360,2
386420,2
345060,2
679490,2
223710,2
682480,2
345140,2
385590,2
684300,2
385080,2
517910,2
384250,2
433750,2
218660,2
676090,2
324470,2
527770,2
295730,2
209610,2
430020,2
231720,2
507380,2
320400,2
707680,2
346950,2
509600,2
672680,2
211280,2
512640,2
211360,2
510680,2
510840,2
511160,2
295590,2
436220,2
702210,2
872090,2
344820,2
348950,2
738060,2
96200,2
895220,2
281840,2
486360,2
371220,2
557680,2
371330,2
92200,2
92210,2
282860,2
282880,2
330470,2
487180,2
487350,2
487370,2
487580,2
95000,2
557260,2
283000,2
243280,2
488210,2
759940,2
351300,2
351640,2
304500,2
624090,2
562430,2
618050,2
416630,2
316480,2
982580,2
563760,2
449140,2
783200,2
782570,2
562470,2
331790,2
73060,2
417860,2
331720,2
305070,2
622060,2
622370,2
331470,2
331360,2
252270,2
485420,2
303510,2
407290,2
488760,2
109500,2
492760,2
328880,2
246740,2
342020,2
420850,2
493650,2
375030,2
244950,2
200190,2
643600,2
285980,2
495350,2
495580,2
444350,2
547960,2
547680,2
546990,2
496250,2
392940,2
246980,2
423610,2
492710,2
302240,2
372830,2
329610,2
553340,2
865930,2
341860,2
341540,2
395380,2
394700,2
491160,2
318570,2
552030,2
489220,2
492430,2
17080,1
895140,1
905660,1
869840,1
1021670,1
874240,1
952250,1
864860,1
1010870,1
866540,1
892420,1
873150,1
15960,1
964350,1
992740,1
983150,1
1003750,1
984750,1
891220,1
1021690,1
883860,1
1014440,1
359190,1
857940,1
331340,1
444580,1
444790,1
447240,1
317440,1
317360,1
449040,1
449760,1
316010,1
451000,1
315060,1
454200,1
454690,1
461880,1
461910,1
312640,1
444520,1
444180,1
438790,1
429680,1
330270,1
422100,1
424000,1
326120,1
428440,1
429300,1
429790,1
438100,1
432500,1
433350,1
433670,1
434680,1
436260,1
320520,1
462200,1
463100,1
464760,1
300900,1
490390,1
302310,1
492800,1
301690,1
493700,1
301220,1
300760,1
302950,1
496680,1
497440,1
497640,1
299420,1
502400,1
503340,1
302830,1
487590,1
466860,1
474790,1
467380,1
308080,1
470600,1
471710,1
473460,1
473740,1
474820,1
486690,1
477290,1
478010,1
480480,1
485310,1
485580,1
485740,1
420210,1
416040,1
852740,1
416030,1
348730,1
348460,1
377310,1
378930,1
380360,1
381140,1
382490,1
346610,1
383330,1
384180,1
345650,1
345220,1
385830,1
344300,1
344130,1
349320,1
374410,1
373990,1
355840,1
358650,1
360620,1
361600,1
357650,1
356000,1
365300,1
355410,1
373360,1
366890,1
367010,1
367120,1
368740,1
371510,1
351470,1
343340,1
343280,1
391600,1
407680,1
338180,1
338050,1
404410,1
404480,1
404700,1
407120,1
409160,1
339000,1
335330,1
335050,1
334920,1
334690,1
333660,1
333120,1
402850,1
339160,1
391740,1
397900,1
392040,1
342970,1
394120,1
341980,1
341060,1
397700,1
340630,1
339290,1
397980,1
398460,1
398680,1
340200,1
339600,1
401820,1
298260,1
298240,1
504490,1
508290,1
636690,1
640050,1
640970,1
643870,1
244590,1
645710,1
242720,1
654260,1
655010,1
237310,1
658630,1
235340,1
234290,1
227800,1
675680,1
250420,1
250600,1
627690,1
613670,1
607270,1
263140,1
262980,1
612170,1
262210,1
613590,1
260410,1
252050,1
259830,1
259320,1
618120,1
620240,1
623310,1
625430,1
220900,1
685790,1
217750,1
783120,1
109600,1
754810,1
756440,1
757240,1
760510,1
777590,1
792030,1
744810,1
61310,1
806740,1
808290,1
820770,1
821640,1
844920,1
110400,1
739260,1
689750,1
211800,1
690610,1
693750,1
215080,1
212700,1
212070,1
701930,1
210170,1
739050,1
206500,1
205550,1
203560,1
734590,1
735500,1
201070,1
603890,1
602940,1
601380,1
535400,1
528460,1
529110,1
529780,1
530700,1
533690,1
533860,1
535760,1
526880,1
537360,1
537700,1
540020,1
541370,1
287100,1
286940,1
527480,1
290650,1
286120,1
518580,1
508530,1
509110,1
295610,1
512470,1
515310,1
515690,1
518620,1
291070,1
518800,1
292570,1
292370,1
523740,1
291450,1
291330,1
546390,1
549810,1
600750,1
587590,1
272990,1
271730,1
583740,1
585630,1
585860,1
585880,1
269150,1
581230,1
268240,1
591960,1
266430,1
266370,1
265870,1
598690,1
273030,1
273820,1
551550,1
557400,1
284970,1
552110,1
283880,1
555210,1
283350,1
555620,1
562010,1
578180,1
280830,1
279900,1
279480,1
570980,1
576860,1
275490,1
382570,1
